Data1,Data2,Data3,Data4,PDR,time,TotalTime(ms),Throughput(kbp)
gBXq3gAAAAABXxWWztt8OmxEFLwWWlFiwDSnxg==,gBXq3gAAAAABXxWWztt8OmxEFLwWWlFiwDSnxg==,gBXq3gAAAAABXxWWztt8OmxEFLwWWlFiwDSnxg==,gBXq3gAAAAABXxWWztt8OmxEFLwWWlFiwDSnxg==,1, 2022-04-14T09:43:04Z,18514,0.012099
gBXq3gAAAQABBUkniXK9HIokbbRsblMYY11K2w==,gBXq3gAAAQABBUkniXK9HIokbbRsblMYY11K2w==,gBXq3gAAAQABBUkniXK9HIokbbRsblMYY11K2w==,gBXq3gAAAQABBUkniXK9HIokbbRsblMYY11K2w==,1, 2022-04-14T09:43:16Z,30254,0.014808
gBXq3gAAAQABBUkniXK9HIokbbRsblMYY11K2w==,gBXq3gAAAQABBUkniXK9HIokbbRsblMYY11K2w==,gBXq3gAAAQABBUkniXK9HIokbbRsblMYY11K2w==,gBXq3gAAAQABBUkniXK9HIokbbRsblMYY11K2w==,1, 2022-04-14T09:43:20Z,34798,0.019311
gBXq3gAAAQABBUkniXK9HIokbbRsblMYY11K2w==,gBXq3gAAAQABBUkniXK9HIokbbRsblMYY11K2w==,gBXq3gAAAQABBUkniXK9HIokbbRsblMYY11K2w==,gBXq3gAAAQABBUkniXK9HIokbbRsblMYY11K2w==,1, 2022-04-14T09:43:24Z,38133,0.023497
gBXq3gAAAQABBUkniXK9HIokbbRsblMYY11K2w==,gBXq3gAAAQABBUkniXK9HIokbbRsblMYY11K2w==,gBXq3gAAAQABBUkniXK9HIokbbRsblMYY11K2w==,gBXq3gAAAQABBUkniXK9HIokbbRsblMYY11K2w==,1, 2022-04-14T09:43:24Z,38139,0.029366
gBXq3gAAAQABBUkniXK9HIokbbRsblMYY11K2w==,gBXq3gAAAQABBUkniXK9HIokbbRsblMYY11K2w==,gBXq3gAAAQABBUkniXK9HIokbbRsblMYY11K2w==,gBXq3gAAAQABBUkniXK9HIokbbRsblMYY11K2w==,1, 2022-04-14T09:43:24Z,38140,0.035239
gBXq3gAAAQABBUkniXK9HIokbbRsblMYY11K2w==,gBXq3gAAAQABBUkniXK9HIokbbRsblMYY11K2w==,gBXq3gAAAQABBUkniXK9HIokbbRsblMYY11K2w==,gBXq3gAAAQABBUkniXK9HIokbbRsblMYY11K2w==,1, 2022-04-14T09:43:24Z,38142,0.04111
gBXq3gAAAgAB3K+Mk+wOXAQgN3MsXfBn81Y0Ng==,gBXq3gAAAgAB3K+Mk+wOXAQgN3MsXfBn81Y0Ng==,gBXq3gAAAgAB3K+Mk+wOXAQgN3MsXfBn81Y0Ng==,gBXq3gAAAgAB3K+Mk+wOXAQgN3MsXfBn81Y0Ng==,1, 2022-04-14T09:43:36Z,50652,0.035379
gBXq3gAAAgAB3K+Mk+wOXAQgN3MsXfBn81Y0Ng==,gBXq3gAAAgAB3K+Mk+wOXAQgN3MsXfBn81Y0Ng==,gBXq3gAAAgAB3K+Mk+wOXAQgN3MsXfBn81Y0Ng==,gBXq3gAAAgAB3K+Mk+wOXAQgN3MsXfBn81Y0Ng==,1, 2022-04-14T09:43:40Z,54653,0.036887
gBXq3gAAAgAB3K+Mk+wOXAQgN3MsXfBn81Y0Ng==,gBXq3gAAAgAB3K+Mk+wOXAQgN3MsXfBn81Y0Ng==,gBXq3gAAAgAB3K+Mk+wOXAQgN3MsXfBn81Y0Ng==,gBXq3gAAAgAB3K+Mk+wOXAQgN3MsXfBn81Y0Ng==,1, 2022-04-14T09:43:44Z,58630,0.038206
gBXq3gAAAgAB3K+Mk+wOXAQgN3MsXfBn81Y0Ng==,gBXq3gAAAgAB3K+Mk+wOXAQgN3MsXfBn81Y0Ng==,gBXq3gAAAgAB3K+Mk+wOXAQgN3MsXfBn81Y0Ng==,gBXq3gAAAgAB3K+Mk+wOXAQgN3MsXfBn81Y0Ng==,1, 2022-04-14T09:43:44Z,58631,0.042026
gBXq3gAAAgAB3K+Mk+wOXAQgN3MsXfBn81Y0Ng==,gBXq3gAAAgAB3K+Mk+wOXAUgN3MsX/Bn81Y3dg==,gBXq3gAAAgAB3K+Mk+wOXAQgN3MsXfBn81Y0Ng==,gBXq3gAAAgAB3K+Mk+wOXAQgN3MsXfBn81Y0Ng==,1, 2022-04-14T09:43:44Z,58633,0.045844
gBXq3gAAAgAB3K+Mk+wOXAQgN3MsXfBn81Y0Ng==,gBXq3gAAAgAB3K+Mk+wOXAUgN3MsX/Bn81Y3dg==,gBXq3gAAAgAB3K+Mk+wOXAQgN3MsXfBn81Y0Ng==,gBXq3gAAAgAB3K+Mk+wOXAQgN3MsXfBn81Y0Ng==,1, 2022-04-14T09:43:44Z,58657,0.049645
gBXq3gAAAwAB3eFsREAqgm/7X4CXCttbpw6gZQ==,gBXq3gAAAwAB3eFsREAqgm/7X4CXCttbpw6gZQ==,gBXq3gAAAwAB3eFsREAqgm/7X4CXCttbpw6gZQ==,gBXq3gAAAwAB3eFsREAqgm/7X4CXCttbpw6gZQ==,1, 2022-04-14T09:43:58Z,72471,0.043272
gBXq3gAABAABsgROlhZJHbPtpEjtWWsTfUNPDA==,gBXq3gAABAABsgROlhbtHbMipEjtWWsTfUNPDA==,gBXq3gAABAABsgROlhZJHbMipEjtWWsT7UNPDA==,gBXq3gAABAABsgROlhZJHbMipARtBAQTfUNPDA==,1, 2022-04-14T09:44:12Z,86508,0.036251
gBXq3gAABAABsgROlhZJHbPtpEjtWWsTfUNPDA==,gBXq3gAABAABsgROlhbtHbMipEjtWWsTfUNPDA==,gBXq3gAABAABsgROlhZJHbMipEjtWWsT7UNPDA==,gBXq3gAABAABsgROlhZJHbMipEhtWWsTfUNPDA==,1, 2022-04-14T09:44:18Z,92420,0.036356
gBXq3gAABAABsgROlhZJHbMipEhtWWsTfUNPDA==,gBXq3gAABAABsgROlhbtHbMipEjtWWsTfUNPDA==,gBXq3gAABAABsgROlhZJHbMipEjtWWsT7UNPDA==,gBXq3gAABAABsgROlhZJHbMipEhtWWsTfUNPDA==,1, 2022-04-14T09:44:18Z,92426,0.038777
gBXq3gAABAABsgROlhZJHbMipEhtWWsTfUNPDA==,gBXq3gAABAABsgROlhbtHbMipEjtWWsTfUNPDA==,gBXq3gAABAABsgROlhZJHbMipEhtWWsTfUNPDA==,gBXq3gAABAABsgROlhZJHbMipEhtWWsTfUNPDA==,1, 2022-04-14T09:44:18Z,92428,0.0412
gBXq3gAABAABsgROlhZJHbMipEhtWWsTfUNPDA==,gBXw3gAwZCChsgRN1hIdjeNkZEgdGkcbfVMVxA==,gBXq3gAABAABsgROlhZJHbMipEhtWWsTfUNPDA==,gBXq3gAABAABsgROlhZJHbMipEhtWWsTfUNPDA==,1, 2022-04-14T09:44:18Z,92430,0.043622
gBXq3gAABAABsgROlhZJHbMipEhtWWsTfUNPDA==,gBXq3gAABAABsgROlhajHbMipEijWWsTfUNPDA==,gBXq3gAABAABsgROlhZJHbMipEhtWWsTfUNPDA==,gBXq3gAABAABsgROlhZJHbMipEhtWWsTfUNPDA==,1, 2022-04-14T09:44:22Z,96446,0.044128
gBXq3gAABAABsgROlhZJHbMipEhtWWsTfUNPDA==,gBXq3gAABAABsgROlhajHbMipEijWWsTfUNPDA==,gBXq3gAABAABsgROlhZJHbMipEhtWWsTfUNPDA==,gBXq3gAABAABsgROlhZJHbMipEhtWWsTfUNPDA==,1, 2022-04-14T09:44:28Z,102428,0.043738
gBXq3gAABAABsgROlhZJHbMipEhtWWsTfUNPDA==,gBXq3gAABAABsgROlhZJHbMipEhtWWsTfUNPDA==,gBXq3gAABAABsgROlhZJHbMipEhtWWsTfUNPDA==,gBXq3gAABAABsgROlhZJHbMipEhtWWsTfUNPDA==,1, 2022-04-14T09:44:28Z,102434,0.045922
gBXq3gAABAABsgROlhZJHbMipEhtWWsTfUNPDA==,gBXq3gAABAABsgROlhZJHbMipEhtWWsTfUNPDA==,gBXq3gAABAABsgROlhZJHbMipEhtWWsTfUNPDA==,gBXq3gAABAABsgROlhZJHbMipEhtWWsTfUNPDA==,1, 2022-04-14T09:44:28Z,102439,0.048107
gBXq3gAABAABsgROlhZJHbMipEhtWWsTfUNPDA==,gBXq3gAABAABsgROlhZJHbMipEhtWWsTfUNPDA==,gBXq3gAABAABsgROlhZJHbMipEhtWWsTfUNPDA==,gBXq3gAABAABsgROlhZJHbMipEhtWWsTfUNPDA==,1, 2022-04-14T09:44:28Z,102440,0.050293
gBXq3gAABAABsgROlhZJHbMipEhtWWsTfUNPDA==,gBXq3gAABAABsgROlhZJHbMipEhtWWsTfUNPDA==,gBXq3gAABAABsgROlhZJHbMipEhtWWsTfUNPDA==,gBXq3gAABAABsgROlhZJHbMipEhtWWsTfUNPDA==,1, 2022-04-14T09:44:34Z,108348,0.049618
gBXq3gAABAABsgROlhZJHbMipEhtWWsTfUNPDA==,gBXq3gAABAABsgROlhZJHbMipEhtWWsTfUNPDA==,gBXq3gAABAABsgROlhZJHbMipEhtWWsTfUNPDA==,gBXq3gAABAABsgROlhZJHbMipEhtWWsTfUNPDA==,1, 2022-04-14T09:44:41Z,114834,0.048766
gBXq3gAABAABsgROlhZJHbMipEhtWWsTfUNPDA==,gBXq3gAABAABsgROlhZJHbMipEhtWWsTfUNPDA==,gBXq3gAABAABsgROlhZJHbMipEhtWWsTfUNPDA==,gBXq3gAABAABsgROlhZJHbMipEhtWWsTfUNPDA==,1, 2022-04-14T09:44:45Z,119479,0.048745
gBXq3gAABAABsgROlhZJHbMipEhtWWsTfUNPDA==,gBXq3gAABAABsgROlhZJHbMipEhtWWsTfUNPDA==,gBXq3gAABAABsgROlhZJHbMipEhtWWsTfUNPDA==,gBXq3gAABAABsgROlhZJHbMipEhtWWsTfUNPDA==,1, 2022-04-14T09:44:45Z,119484,0.050618
gBXq3gAABAABsgROlhZJHbMipEhtWWsTfUNPDA==,gBXq3gAABAABsgROlhZJHbMipEhtWWsTfUNPDA==,gBXq3gAABAABsgROlhZJHbMipEhtWWsTfUNPDA==,gBXq3gAABAABsgROlhZJHbMipEhtWWsTfUNPDA==,1, 2022-04-14T09:44:45Z,119485,0.052492
gBXq3gAABAABsgROlhZJHbMipEhtWWsTfUNPDA==,gBXq3gAABAABsgROlhZJHbMipEhtWWsTfUNPDA==,gBXq3gAABAABsgROlhZJHbMipEhtWWsTfUNPDA==,gBXq3gAABAABsgROlhZJHbMipEhtWWsTfUNPDA==,1, 2022-04-14T09:44:45Z,119491,0.054364
gBXq3gAABAABsgROlhZJHbMipEhtWWsTfUNPDA==,gBXq3gAABAABsgROlhZJHbMipEhtWWsTfUNPDA==,gBXq3gAABAABsgROlhZJHbMipEhtWWsTfUNPDA==,gBXq3gAABAABsgROlhZJHbMipEhtWWsTfUNPDA==,1, 2022-04-14T09:44:49Z,123387,0.054463
gBXq3gAABAABsgROlhZJHbMipEhtWWsTfUNPDA==,gBXq3gAABAABsgROlhZJHbMipEhtWWsTfUNPDA==,gBXq3gAABAABsgROlhZJHbMipEhtWWsTfUNPDA==,gBXq3gAABAABsgROlhZJHbMipEhtWWsTfUNPDA==,1, 2022-04-14T09:44:49Z,123398,0.056273
gBXq3gAABAABsgROlhZJHbMipEhtWWsTfUNPDA==,gBXq3gAABAABsgROlhZJHbMipEhtWWsTfUNPDA==,gBXq3gAABAABsgROlhZJHbMipEhtWWsTfUNPDA==,gBXq3gAABAABsgROlhZJHbMipEhtWWsTfUNPDA==,1, 2022-04-14T09:44:49Z,123409,0.058083
gBXq3gAABAABsgROlhZJHbMipEhtWWsTfUNPDA==,gBXq3gAABAABsgROlhZJHbMipEhtWWsTfUNPDA==,gBXq3gAABAABsgROlhZJHbMipEhtWWsTfUNPDA==,gBXq3gAABAABsgROlhZJHbMipEhtWWsTfUNPDA==,1, 2022-04-14T09:44:49Z,123435,0.059886
gBXq3gAABQABE/I4jZO9THyFHEKnebipXOpT0w==,gBXq3gAABQABE/I4jZO9THyFHEKnebipXOpT0w==,gBXq3gAABQABE/I4jZO9THyFHEKnebipXOpT0w==,gBXq3gAABQABE/I4jZO9THyFHEKnebipXOpT0w==,1, 2022-04-14T09:45:03Z,137336,0.055455
gBXq3gAABQABE/I4jZO9THyFHEKnebipXOpT0w==,gBXq3gAABQABE/I4jZO9THyFHEKnebipXOpT0w==,gBXq3gAABQABE/I4jZO9THyFHEKnebipXOpT0w==,gBXq3gAABQABE/I4jZO9THyFHEKnebipXOpT0w==,1, 2022-04-14T09:45:07Z,141345,0.055467
gBXq3gAABQABE/I4jZO9THyFHEKnebipXOpT0w==,gBXq3gAABQABE/I4jZO9THyFHEKnebipXOpT0w==,gBXq3gAABQABE/I4jZO9THyFHEKnebipXOpT0w==,gBXq3gAABQABE/I4jZO9THyFHEKnebipXOpT0w==,1, 2022-04-14T09:45:07Z,141352,0.057049
gBXq3gAABQABE/I4jZO9THyFHEKnebipXOpT0w==,gBXq3gAABQABE/I4jZO9THyFHEKnebipXOpT0w==,gBXq3gAABQABE/I4jZO9THyFHEKnebipXOpT0w==,gBXq3gAABQABE/I4jZO9THyFHEKnebipXOpT0w==,1, 2022-04-14T09:45:07Z,141356,0.058632
gBXq3gAABQABE/I4jZO9THyFHEKnebipXOpT0w==,gBXq3gAABQABE/I4jZO9THyFHEKnebipXOpT0w==,gBXq3gAABQABE/I4jZO9THyFHEKnebipXOpT0w==,gBXq3gAABQABE/I4jZO9THyFHEKnebipXOpT0w==,1, 2022-04-14T09:45:07Z,141372,0.06021
gBXq3gAABQABE/I4jZO9THyFHEKnebipXOpT0w==,gBXw3gCQBQABE/I4jZO9THyJHEKnKbipXOpT3w==,gBXq3gAABQABE/I4jZO9THyFHEKnebipXOpT0w==,gBXq3gAABQABE/I4jZO9THyFHEKnebipXOpT0w==,1, 2022-04-14T09:45:13Z,147337,0.059293
gBXq3gAABQABE/I4jZO9THyFHEKnebipXOpT0w==,gBXw3gCQBQABE/I4jZO9THyJHEKnKbipXOpT3w==,gBXq3gAABQABE/I4jZO9THyFHEKnebipXOpT0w==,gBXq3gAABQABE/I4jZO9THyFHEKnebipXOpT0w==,1, 2022-04-14T09:45:19Z,153426,0.058399
gBXq3gAABQABE/I4jZO9THyFHEKnebipXOpT0w==,gBXq3gAABQABE/I4jZO9THyFHEKnebipXOpT0w==,gBXq3gAABQABE/I4jZO9THyFHEKnebipXOpT0w==,gBXq3gAABQABE/I4jZO9THyFHEKnebipXOpT0w==,1, 2022-04-14T09:45:19Z,153431,0.059858
gBXq3gAABQABE/I4jZO9THyFHEKnebipXOpT0w==,gBXq3gAABQABE/I4jZO9THyFHEKnebipXOpT0w==,gBXq3gAABQABE/I4jZO9THyFHEKnebipXOpT0w==,gBXq3gAABQABE/I4jZO9THyFHEKnebipXOpT0w==,1, 2022-04-14T09:45:19Z,153440,0.061314
gBXq3gAABQABE/I4jZO9THyFHEKnebipXOpT0w==,gBXq3gAABQABE/I4jZO9THyFHEKnebipXOpT0w==,gBXq3gAABQABE/I4jZO9THyFHEKnebipXOpT0w==,gBXq3gAABQABE/I4jZO9THyFHEKnebipXOpT0w==,1, 2022-04-14T09:45:19Z,153453,0.062768
gBXq3gAABQABE/I4jZO9THyFHEKnebipXOpT0w==,gBXq3gAABQABE/I4jZO9THyFHEKnebipXOpT0w==,gBXq3gAABQABE/I4jZO9THyFHEKnebipXOpT0w==,gBXq3gAABQABE/I4jZO9THyFHEKnebipXOpT0w==,1, 2022-04-14T09:45:23Z,157385,0.062624
gBXq3gAABgABVMNJJTl9QPoyb74yeSSScooj7g==,gBXq3gAABgABVMNJJTkyQPqKb74yeSSScooj7g==,gBXq3gAABgABVMNJJTl9QPqKb74yeSSSMooj7g==,gBXq3gAABgABVMNJJTl9QPqKbw0GDQ2Scooj7g==,1, 2022-04-14T09:45:37Z,171470,0.057479
gBXs3gAABgABVMNKJTl9QPrKb74GeSSScooj7g==,gBXq3gAABgABVMNJJTl9QPqKb74GeSSScooj7g==,gBXq3gAABgABVMNJJTl9QPqKb74GeSSScooj7g==,gBXq3gAABgABVMNJJTl9QPqKb74GeSSScooj7g==,1, 2022-04-14T09:45:43Z,177011,0.056946
gBXs3gAABgABVMNKJTl9QPrKb74GeSSScooj7g==,gBXq3gAABgABVMNJJTl9QPqKb74GeSSScooj7g==,gBXq3gAABgABVMNJJTl9QPqKb74GeSSScooj7g==,gBXq3gAABgABVMNJJTl9QPqKb74GeSSScooj7g==,1, 2022-04-14T09:45:47Z,181700,0.056709
gBXs3gAABgABVMNKJTl9QPrKb74GeSSScooj7g==,gBXq3gAABgABVMNJJTl9QPqKb74GeSSScooj7g==,gBXq3gAABgABVMNJJTl9QPqKb74GeSSScooj7g==,gBXq3gAABgABVMNJJTl9QPqKb74GeSSScooj7g==,1, 2022-04-14T09:45:47Z,181701,0.057941
gBXq3gAABgABVMNJJTl9QPqKb74GeSSScooj7g==,gBXq3gAABgABVMNJJTl9QPqKb74GeSSScooj7g==,gBXq3gAABgABVMNJJTl9QPqKb74GeSSScooj7g==,gBXq3gAABgABVMNJJTl9QPqKb74GeSSScooj7g==,1, 2022-04-14T09:45:47Z,181704,0.059173
gBXq3gAABgABVMNJJTl9QPqKb74GeSSScooj7g==,gBXq3gAABgABVMNJJTl9QPqKb74GeSSScooj7g==,gBXq3gAABgABVMNJJTl9QPqKb74GeSSScooj7g==,gBXq3gAABgABVMNJJTl9QPqKb74GeSSScooj7g==,1, 2022-04-14T09:45:47Z,181706,0.060405
gBXq3gAABgABVMNJJTl9QPqKb74GeSSScooj7g==,gBXq3gAABgABVMNJJTl9QPqKb74GeSSScooj7g==,gBXq3gAABgABVMNJJTl9QPqKb74GeSSScooj7g==,gBXq3gAABgABVMNJJTl9QPqKb74GeSSScooj7g==,1, 2022-04-14T09:45:52Z,186442,0.060072
gBXq3gAABgABVMNJJTl9QPqKb74GeSSScooj7g==,gBXq3gAABgABVMNJJTl9QPqKb74GeSSScooj7g==,gBXq3gAABgABVMNJJTl9QPqKb74GeSSScooj7g==,gBXq3gAABgABVMNJJTl9QPqKb74GeSSScooj7g==,1, 2022-04-14T09:45:57Z,191276,0.059725
gBXq3gAABgABVMNJJTl9QPqKb74GeSSScooj7g==,gBXq3gAABgABVMNJJTl9QPqKb74GeSSScooj7g==,gBXq3gAABgABVMNJJTl9QPqKb74GeSSScooj7g==,gBXq3gAABgABVMNJJTl9QPqKb74GeSSScooj7g==,1, 2022-04-14T09:45:57Z,191278,0.060896
gBXq3gAABgABVMNJJTl9QPqKb74GeSSScooj7g==,gBXq3gAABgABVMNJJTl9QPqKb74GeSSScooj7g==,gBXq3gAABgABVMNJJTl9QPqKb74GeSSScooj7g==,gBXq3gAABgABVMNJJTl9QPqKb74GeSSScooj7g==,1, 2022-04-14T09:45:57Z,191290,0.062063
gBXq3gAABgABVMNJJTl9QPqKb74GeSSScooj7g==,gBXq3gAABgABVMNJJTl9QPqKb74GeSSScooj7g==,gBXq3gAABgABVMNJJTl9QPqKb74GeSSScooj7g==,gBXq3gAABgABVMNJJTl9QPqKb74GeSSScooj7g==,1, 2022-04-14T09:45:57Z,191298,0.063231
gBXq3gAABgABVMNJJTl9QPqKb74GeSSScooj7g==,gBXq3gAABgABVMNJJTl9QPqKb74GeSSScooj7g==,gBXq3gAABgABVMNJJTl9QPqKb74GeSSScooj7g==,gBXq3gAABgABVMNJJTl9QPqKb74GeSSScooj7g==,1, 2022-04-14T09:46:01Z,195714,0.062949
gBXq3gAABgABVMNJJTl9QPqKb74GeSSScooj7g==,gBXq3gAABgABVMNJJTl9QPqKb74GeSSScooj7g==,gBXq3gAABgABVMNJJTl9QPqKb74GeSSScooj7g==,gBXq3gAABgABVMNJJTl9QPqKb74GeSSScooj7g==,1, 2022-04-14T09:46:08Z,201953,0.062113
gBXq3gAABgABVMNJJTl9QPqKb74GeSSScooj7g==,gBXq3gAABgABVMNJJTl9QPqKb74GeSSScooj7g==,gBXq3gAABgABVMNJJTl9QPqKb74GeSSScooj7g==,gBXq3gAABgABVMNJJTl9QPqKb74GeSSScooj7g==,1, 2022-04-14T09:46:08Z,201957,0.063221
gBXq3gAABgABVMNJJTl9QPqKb74GeSSScooj7g==,gBXq3gAABgABVMNJJTl9QPqKb74GeSSScooj7g==,gBXq3gAABgABVMNJJTl9QPqKb74GeSSScooj7g==,gBXq3gAABgABVMNJJTl9QPqKb74GeSSScooj7g==,1, 2022-04-14T09:46:08Z,201958,0.06433
gBXq3gAABgABVMNJJTl9QPqKb74GeSSScooj7g==,gBXq3gAABgABVMNJJTl9QPqKb74GeSSScooj7g==,gBXq3gAABgABVMNJJTl9QPqKb74GeSSScooj7g==,gBXq3gAABgABVMNJJTl9QPqKb74GeSSScooj7g==,1, 2022-04-14T09:46:08Z,201962,0.065438
gBXq3gAABgABVMNJJTl9QPqKb74GeSSScooj7g==,gBXq3gAABgABVMNJJTl9QPqKb74GeSSScooj7g==,gBXq3gAABgABVMNJJTl9QPqKb74GeSSScooj7g==,gBXq3gAABgABVMNJJTl9QPqKb74GeSSScooj7g==,1, 2022-04-14T09:46:14Z,208061,0.064596
gBXq3gAABwAB5OQ9879Hguyt2PGt9KkBwHaxkQ==,gBXq3gAABwAB5OQ987+tguzm2PGt9KkBwHaxkQ==,gBXq3gAABwAB5OQ9879Hguzm2PGt9KkBrXaxkQ==,kBXqzgDAB8DBJKQ5l/tDhuzm2AhgCAiJQBa0kQ==,1, 2022-04-14T09:46:28Z,221917,0.060563
gBXq3gAABwAB5OQ9879Hguzm2PHg9KkBwHaxkQ==,gBXg3gAABwDB5OQ9/79Hguzm2PHg9KkBwHaxkQ==,gBXq3gAABwAB5OQ9879Hguzm2PHg9KkBwHaxkQ==,gBXq3gAABwAB5OQ9879Hguzm2A3gDQ0BwHaxkQ==,1, 2022-04-14T09:46:32Z,225964,0.06047
gBXq3gAABwAB5OQ9879Hguzm2PHg9KkBwHaxkQ==,gBXg3gAABwDB5OQ9/79Hguzm2PHg9KkBwHaxkQ==,gBXq3gAABwAB5OQ9879Hguzm2PHg9KkBwHaxkQ==,gBXq3gAABwAB5OQ9879Hguzm2PHg9KkBwHaxkQ==,1, 2022-04-14T09:46:38Z,232256,0.059796
gBXq3gAABwAB5OQ9879Hguzm2PHg9KkBwHaxkQ==,gBXg3gAABwDB5OQ9/79Hguzm2PHg9KkBwHaxkQ==,gBXq3gAABwAB5OQ9879Hguzm2PHg9KkBwHaxkQ==,gBXq3gAABwAB5OQ9879Hguzm2PHg9KkBwHaxkQ==,1, 2022-04-14T09:46:38Z,232261,0.060759
gBXq3gAABwAB5OQ9879Hguzm2PHg9KkBwHaxkQ==,gBXq3gAABwAB5OQ9879Hguzm2PHg9KkBwHaxkQ==,gBXq3gAABwAB5OQ9879Hguzm2PHg9KkBwHaxkQ==,gBXq3gAABwAB5OQ9879Hguzm2PHg9KkBwHaxkQ==,1, 2022-04-14T09:46:38Z,232262,0.061723
gBXq3gAABwAB5OQ9879Hguzm2PHg9KkBwHaxkQ==,gBXq3gAABwAB5OQ9879Hguzm2PHg9KkBwHaxkQ==,gBXq3gAABwAB5OQ9879Hguzm2PHg9KkBwHaxkQ==,gBXq3gAABwAB5OQ9879Hguzm2PHg9KkBwHaxkQ==,1, 2022-04-14T09:46:38Z,232263,0.062688
gBXq3gAABwAB5OQ9879Hguzm2PHg9KkBwHaxkQ==,gBXq3gAABwAB5OQ9879Hguzm2PHg9KkBwHaxkQ==,gBXq3gAABwAB5OQ9879Hguzm2PHg9KkBwHaxkQ==,gBXq3gAABwAB5OQ9879Hguzm2PHg9KkBwHaxkQ==,1, 2022-04-14T09:46:44Z,238651,0.061948
gBXq3gAABwAB5OQ9879Hguzm2PHg9KkBwHaxkQ==,gBXq3gAABwAB5OQ9879Hguzm2PHg9KkBwHaxkQ==,gBXq3gAABwAB5OQ9879Hguzm2PHg9KkBwHaxkQ==,gBXq3gAABwAB5OQ9879Hguzm2PHg9KkBwHaxkQ==,1, 2022-04-14T09:46:48Z,242530,0.061881
gBXq3gAABwAB5OQ9879Hguzm2PHg9KkBwHaxkQ==,gBXq3gAABwAB5OQ9879Hguzm2PHg9KkBwHaxkQ==,gBXq3gAABwAB5OQ9879Hguzm2PHg9KkBwHaxkQ==,gBXq3gAABwAB5OQ9879Hguzm2PHg9KkBwHaxkQ==,1, 2022-04-14T09:46:48Z,242531,0.062804
gBXq3gAABwAB5OQ9879Hguzm2PHg9KkBwHaxkQ==,gBXq3gAABwAB5OQ9879Hguzm2PHg9KkBwHaxkQ==,gBXq3gAABwAB5OQ9879Hguzm2PHg9KkBwHaxkQ==,gBXq3gAABwAB5OQ9879Hguzm2PHg9KkBwHaxkQ==,1, 2022-04-14T09:46:48Z,242532,0.063728
gBXq3gAABwAB5OQ9879Hguzm2PHg9KkBwHaxkQ==,gBXq3gAABwAB5OQ9879Hguzm2PHg9KkBwHaxkQ==,gBXq3gAABwAB5OQ9879Hguzm2PHg9KkBwHaxkQ==,gBXq3gAABwAB5OQ9879Hguzm2PHg9KkBwHaxkQ==,1, 2022-04-14T09:46:48Z,242538,0.06465
gBXq3gAABwAB5OQ9879Hguzm2PHg9KkBwHaxkQ==,gBXq3gAABwAB5OQ9879Hguzm2PHg9KkBwHaxkQ==,gBXq3gAABwAB5OQ9879Hguzm2PHg9KkBwHaxkQ==,gBXg3gCQBwAB5OQ987/Hguzm2PHg9KkBwHa4kQ==,1, 2022-04-14T09:46:53Z,247363,0.064294
gBXq3gAABwAB5OQ9879Hguzm2PHg9KkBwHaxkQ==,gBXq3gAABwAB5OQ9879Hguzm2PHg9KkBwHaxkQ==,gBXq3gAABwAB5OQ9879Hguzm2PHg9KkBwHaxkQ==,gBXg3gCQBwAB5OQ987/Hguzm2PHg9KkBwHa4kQ==,1, 2022-04-14T09:46:59Z,253672,0.063578
gBXq3gAABwAB5OQ9879Hguzm2PHg9KkBwHaxkQ==,gBXq3gAABwAB5OQ9879Hguzm2PHg9KkBwHaxkQ==,gBXq3gAABwAB5OQ9879Hguzm2PHg9KkBwHaxkQ==,gBXg3gCQBwAB5OQ987/Hguzm2PHg9KkBwHa4kQ==,1, 2022-04-14T09:46:59Z,253675,0.06446
gBXq3gAABwAB5OQ9879Hguzm2PHg9KkBwHaxkQ==,gBXq3gAABwAB5OQ9879Hguzm2PHg9KkBwHaxkQ==,gBXq3gAABwAB5OQ9879Hguzm2PHg9KkBwHaxkQ==,gBXg3gCQBwAB5OQ987/Hguzm2PHg9KkBwHa4kQ==,1, 2022-04-14T09:46:59Z,253676,0.065343
gBXq3gAABwAB5OQ9879Hguzm2PHg9KkBwHaxkQ==,gBXq3gAABwAB5OQ9879Hguzm2PHg9KkBwHaxkQ==,gBXq3gAABwAB5OQ9879Hguzm2PHg9KkBwHaxkQ==,gBXq3gAABwAB5OQ9879Hguzm2PHg9KkBwHaxkQ==,1, 2022-04-14T09:46:59Z,253677,0.066226
gBXq3gAABwAB5OQ9879Hguzm2PHg9KkBwHaxkQ==,gBXq3gAABwAB5OQ9879Hguzm2PHg9KkBwHaxkQ==,gBXq3gAABwAB5OQ9879Hguzm2PHg9KkBwHaxkQ==,gBXq3gAABwAB5OQ9879Hguzm2PHg9KkBwHaxkQ==,1, 2022-04-14T09:47:06Z,259855,0.065513
gBXq3gAACAABtnEGYBSOZlQ8zkM8XEJYXCIHlA==,gBXq3gAACAABtnEGYBQ8ZlRdzkM8XEJYXCIHlA==,gBXq3gAACAABtnEGYBSOZlRdzkM8XEJYPCIHlA==,gBXq3gAACAABtnEGYBSOZlRdzg/rDw9YXCIHlA==,1, 2022-04-14T09:47:20Z,273940,0.062145
gBXq3gAACAABtnEGYBSOZlRdzkPrXEJYXCIHlA==,gBXq3gAACAABtnEGYBSOZlRdzkPrXEJYXCIHlA==,gBXq3gAACAABtnEGYBSOZlRdzkPrXEJYXCIHlA==,gBXq3gAACAABtnEGYBSOZlRdzkPrXEJYXCIHlA==,1, 2022-04-14T09:47:25Z,279394,0.061734
gBXq3gAACAABtnEGYBSOZlRdzkPrXEJYXCIHlA==,gBXq3gAACAABtnEGYBSOZlRdzkPrXEJYXCIHlA==,gBXq3gAACAABtnEGYBSOZlRdzkPrXEJYXCIHlA==,gBXq3gAACAABtnEGYBSOZlRdzkPrXEJYXCIHlA==,1, 2022-04-14T09:47:31Z,285694,0.061156
gBXq3gAACAABtnEGYBSOZlRdzkPrXEJYXCIHlA==,gBXq3gAACAABtnEGYBSOZlRdzkPrXEJYXCIHlA==,gBXq3gAACAABtnEGYBSOZlRdzkPrXEJYXCIHlA==,gBXq3gAACAABtnEGYBSOZlRdzkPrXEJYXCIHlA==,1, 2022-04-14T09:47:37Z,291640,0.060678
gBXq3gAACAABtnEGYBSOZlRdzkPrXEJYXCIHlA==,gBXq3gAACAABtnEGYBSOZlRdzkPrXEJYXCIHlA==,gBXq3gAACAABtnEGYBSOZlRdzkPrXEJYXCIHlA==,gBXq3gAACAABtnEGYBSOZlRdzkPrXEJYXCIHlA==,1, 2022-04-14T09:47:37Z,291644,0.061445
gBXq3gAACAABtnEGYBSOZlRdzkPrXEJYXCIHlA==,gBXq3gAACAABtnEGYBSOZlRdzkPrXEJYXCIHlA==,gBXq3gAACAABtnEGYBSOZlRdzkPrXEJYXCIHlA==,gBXq3gAACAABtnEGYBSOZlRdzkPrXEJYXCIHlA==,1, 2022-04-14T09:47:37Z,291648,0.062212
gBXq3gAACAABtnEGYBSOZlRdzkPrXEJYXCIHlA==,gBXq3gAACAABtnEGYBSOZlRdzkPrXEJYXCIHlA==,gBXq3gAACAABtnEGYBSOZlRdzkPrXEJYXCIHlA==,gBXq3gAACAABtnEGYBSOZlRdzkPrXEJYXCIHlA==,1, 2022-04-14T09:47:37Z,291653,0.062979
gBXq3gAACAABtnEGYBSOZlRdzkPrXEJYXCIHlA==,gBXq3gAACAABtnEGYBSOZlRdzkPrXEJYXCIHlA==,gBXq3gAACAABtnEGYBSOZlRdzkPrXEJYXCIHlA==,gBXq3gAACAABtnEGYBSOZlRdzkPrXEJYXCIHlA==,1, 2022-04-14T09:47:42Z,296758,0.06265
gBXq3gAACAABtnEGYBSOZlRdzkPrXEJYXCIHlA==,gBXq3gAACAABtnEGYBSOZlRdzkPrXEJYXCIHlA==,gBXq3gAACAABtnEGYBSOZlRdzkPrXEJYXCIHlA==,gBXq3gAACAABtnEGYBSOZlRdzkPrXEJYXCIHlA==,1, 2022-04-14T09:47:46Z,300751,0.062563
gBXq3gAACAABtnEGYBSOZlRdzkPrXEJYXCIHlA==,gBXq3gAACAABtnEGYBSOZlRdzkPrXEJYXCIHlA==,gBXq3gAACAABtnEGYBSOZlRdzkPrXEJYXCIHlA==,gBXq3gAACAABtnEGYBSOZlRdzkPrXEJYXCIHlA==,1, 2022-04-14T09:47:46Z,300755,0.063307
gBXq3gAACAABtnEGYByOdlTNzkPrXEJYHCIH1A==,gBXq3gAACAABtnEGYBSOZlRdzkPrXEJYXCIHlA==,gBXq3gAACAABtnEGYBSOZlRdzkPrXEJYXCIHlA==,gBXq3gAACAABtnEGYBSOZlRdzkPrXEJYXCIHlA==,1, 2022-04-14T09:47:46Z,300761,0.064051
gBXq3gAACAABtnEGYByOdlTNzkPrXEJYHCIH1A==,gBXq3gAACAABtnEGYBSOZlRdzkPrXEJYXCIHlA==,gBXq3gAACAABtnEGYBSOZlRdzkPrXEJYXCIHlA==,gBXq3gAACAABtnEGYBSOZlRdzkPrXEJYXCIHlA==,1, 2022-04-14T09:47:46Z,300762,0.064795
gBXq3gAACAABtnEGYBSOZlRdzkPrXEJYXCIHlA==,gBXq3gAACAABtnEGYBSOZlRdzkPrXEJYXCIHlA==,gBXq3gAACAABtnEGYBSOZlRdzkPrXEJYXCIHlA==,gBXq3gAACAABtnEGYBSOZlRdzkPrXEJYXCIHlA==,1, 2022-04-14T09:47:53Z,306835,0.064243
gBXq3gAACAABtnEGYBSOZlRdzkPrXEJYXCIHlA==,gBXq3gAACAABtnEGYBSOZlRdzkPrXEJYXCIHlA==,gBXq3gAACAABtnEGYBSOZlRdzkPrXEJYXCIHlA==,gBXq3gAACAABtnEGYBSOZlRdzkPrXEJYXCIHlA==,1, 2022-04-14T09:47:58Z,312018,0.063894
gBXq3gAACAABtnEGYBSOZlRdzkPrXEJYXCIHlA==,gBXq3gAACAABtnEGYBSOZlRdzkPrXEJYXCIHlA==,gBXq3gAACAABtnEGYBSOZlRdzkPrXEJYXCIHlA==,gBXq3gAACAABtnEGYBSOZlRdzkPrXEJYXCIHlA==,1, 2022-04-14T09:47:58Z,312019,0.064611
gBXq3gAACAABtnEGYBSOZlRdzkPrXEJYXCIHlA==,gBXq3gAACAABtnEGYBSOZlRdzkPrXEJYXCIHlA==,gBXq3gAACAABtnEGYBSOZlRdzkPrXEJYXCIHlA==,gBXq3gAACAABtnEGYBSOZlRdzkPrXEJYXCIHlA==,1, 2022-04-14T09:47:58Z,312021,0.065329
gBXq3gAACAABtnEGYBSOZlRdzkPrXEJYXCIHlA==,gBXq3gAACAABtnEGYBSOZlRdzkPrXEJYXCIHlA==,gBXq3gAACAABtnEGYBSOZlRdzkPrXEJYXCIHlA==,gBXq3gAACAABtnEGYBSOZlRdzkPrXEJYXCIHlA==,1, 2022-04-14T09:47:58Z,312043,0.066042
gBXq3gAACQABPBUfhF7JvgSSmnDo8QXVhJjmJg==,gBXq3gAACQABPBUfhF7JvgSSmnDo8QXVhJjmJg==,gBXq3gAACQABPBUfhF7JvgSSmnDo8QXVhJjmJg==,gBXq3gAACQABPBUfhF7JvgSSmnDo8QXVhJjmJg==,1, 2022-04-14T09:48:12Z,325892,0.063923
gBXq3gAACgAB4J5MGLcM8IZxa9HrYNx4m76xlg==,gBXq3gAACgAB4J5MGLcM8IZxa9HrYNx4m76xlg==,gBXq3gAACgAB4J5MGLcM8IZxa9HrYNx4m76xlg==,gBXq3gAACgAB4J5MGLcM8IZxa9HrYNx4m76xlg==,1, 2022-04-14T09:48:25Z,339733,0.061978
gBXq3gAACwABeiMIbZ4A4j/n98LnNMwBQI0kAQ==,gBXq3gAACwABeiMIbZ7n4j9r98LnNMwBQI0kAQ==,gBXq3gAACwABeiMIbZ4A4j9r98LnNMwB540kAQ==,gBXq3gAACwABeiMIbZ4A4j9r9wZ0BgYBQI0kAQ==,1, 2022-04-14T09:48:39Z,353772,0.059519
gBXq3gAACwABeiMIbZ4A4j9r98J0NMwBQI0kAQ==,gBXq3gAACwABeiMIbZ4A4j9r98J0NMwBQI0kAQ==,gBXq3gAACwABeiMIbZ4A4j9r98J0NMwBQI0kAQ==,gBXq3gAACwABeiMIbZ4A4j9r98J0NMwBQI0kAQ==,1, 2022-04-14T09:48:43Z,357727,0.059487
gBXq3gAACwABeiMIbZ4A4j9r98J0NMwBQI0kAQ==,gBXq3gAACwABeiMIbZ4A4j9r98J0NMwBQI0kAQ==,gBXq3gAACwABeiMIbZ4A4j9r98J0NMwBQI0kAQ==,gBXq3gAACwABeiMIbZ4A4j9r98J0NMwBQI0kAQ==,1, 2022-04-14T09:48:48Z,362223,0.059367
gBXq3gAACwABeiMIbZ4A4j9r98J0NMwBQI0kAQ==,gBXq3gAACwABeiMIbZ4A4j9r98J0NMwBQI0kAQ==,gBXq3gAACwABeiMIbZ4A4j9r98J0NMwBQI0kAQ==,gBXq3gAACwABeiMIbZ4A4j9r98J0NMwBQI0kAQ==,1, 2022-04-14T09:48:48Z,362225,0.059985
gBXq3gAACwABeiMIbZ4A4j9r98J0NMwBQI0kAQ==,gBXq3gAACwABeiMIbZ4A4j9r98J0NMwBQI0kAQ==,gBXq3gAACwABeiMIbZ4A4j9r98J0NMwBQI0kAQ==,gBXq3gAACwABeiMIbZ4A4j9r98J0NMwBQI0kAQ==,1, 2022-04-14T09:48:48Z,362229,0.060603
gBXq3gAACwABeiMIbZ4A4j9r98J0NMwBQI0kAQ==,gBXq3gAACwABeiMIbZ4A4j9r98J0NMwBQI0kAQ==,gBXq3gAACwABeiMIbZ4A4j9r98J0NMwBQI0kAQ==,gBXq3gAACwABeiMIbZ4A4j9r98J0NMwBQI0kAQ==,1, 2022-04-14T09:48:48Z,362233,0.06122
gBXq3gAACwABeiMIbZ4A4j9r98J0NMwBQI0kAQ==,gBXs3gCQC0ABeiMIbp4A4j9r98JENMwBQI0kAQ==,gBXq3gAACwABeiMIbZ4A4j9r98J0NMwBQI0kAQ==,gBXq3gAACwABeiMIbZ4A4j9r98J0NMwBQI0kAQ==,1, 2022-04-14T09:48:52Z,366676,0.061089
gBXq3gAACwABeiMIbZ4A4j9r98J0NMwBQI0kAQ==,gBXs3gCQC0ABeiMIbp4A4j9r98JENMwBQI0kAQ==,gBXq3gAACwABeiMIbZ4A4j9r98J0NMwBQI0kAQ==,gBXq3gAACwABeiMIbZ4A4j9r98J0NMwBQI0kAQ==,1, 2022-04-14T09:48:57Z,370894,0.060999
gBXq3gAACwABeiMIbZ4A4j9r98J0NMwBQI0kAQ==,gBXs3gCQC0ABeiMIbp4A4j9r98JENMwBQI0kAQ==,gBXq3gAACwABeiMIbZ4A4j9r98J0NMwBQI0kAQ==,gBXq3gAACwABeiMIbZ4A4j9r98J0NMwBQI0kAQ==,1, 2022-04-14T09:48:57Z,370895,0.061602
gBXq3gAACwABeiMIbZ4A4j9r98J0NMwBQI0kAQ==,gBXw3gAAC0gBeiMI7Z4A4j8798J0NMYBQI0kAQ==,gBXq3gAACwABeiMIbZ4A4j9r98J0NMwBQI0kAQ==,gBXq3gAACwABeiMIbZ4A4j9r98J0NMwBQI0kAQ==,1, 2022-04-14T09:48:57Z,370898,0.062206
gBXq3gAACwABeiMIbZ4A4j9r98J0NMwBQI0kAQ==,gBXw3gAAC0gBeiMI7Z4A4j8798J0NMYBQI0kAQ==,gBXq3gAACwABeiMIbZ4A4j9r98J0NMwBQI0kAQ==,gBXq3gAACwABeiMIbZ4A4j9r98J0NMwBQI0kAQ==,1, 2022-04-14T09:48:57Z,370908,0.062808
gBXq3gAACwABeiMIbZ4A4j9r98J0NMwBQI0kAQ==,gBXq3gAACwABeiMIbZ4A4j9r98J0NMwBQI0kAQ==,gBXq3gAACwABeiMIbZ4A4j9r98J0NMwBQI0kAQ==,gBXq3gAACwABeiMIbZ4A4j9r98J0NMwBQI0kAQ==,1, 2022-04-14T09:49:03Z,377200,0.062354
gBXq3gAACwABeiMIbZ4A4j9r98J0NMwBQI0kAQ==,gBXq3gAACwABeiMIbZ4A4j9r98J0NMwBQI0kAQ==,gBXq3gAACwABeiMIbZ4A4j9r98J0NMwBQI0kAQ==,gBXq3gAACwABeiMIbZ4A4j9r98J0NMwBQI0kAQ==,1, 2022-04-14T09:49:09Z,383606,0.061897
gBXq3gAACwABeiMIbZ4A4j9r98J0NMwBQI0kAQ==,gBXg3gAACwgBeiMI7Z4A4j9r99J0NMABQI0kAQ==,gBXq3gAACwABeiMIbZ4A4j9r98J0NMwBQI0kAQ==,gBXq3gAACwABeiMIbZ4A4j9r98J0NMwBQI0kAQ==,1, 2022-04-14T09:49:09Z,383610,0.06248
gBXq3gAACwABeiMIbZ4A4j9r98J0NMwBQI0kAQ==,gBXg3gAACwgBeiMI7Z4A4j9r99J0NMABQI0kAQ==,gBXq3gAACwABeiMIbZ4A4j9r98J0NMwBQI0kAQ==,gBXq3gAACwABeiMIbZ4A4j9r98J0NMwBQI0kAQ==,1, 2022-04-14T09:49:09Z,383611,0.063064
gBXq3gAACwABeiMIbZ4A4j9r98J0NMwBQI0kAQ==,gBXg3gAACwgBeiMI7Z4A4j9r99J0NMABQI0kAQ==,gBXq3gAACwABeiMIbZ4A4j9r98J0NMwBQI0kAQ==,gBXq3gAACwABeiMIbZ4A4j9r98J0NMwBQI0kAQ==,1, 2022-04-14T09:49:09Z,383613,0.063647
gBXq3gAACwABeiMIbZ4A4j9r98J0NMwBQI0kAQ==,gBX83gAACwABeiMI7Z4A4g9r99J0NMYBQI0kAQ==,gBXq3gAACwABeiMIbZ4A4j9r98J0NMwBQI0kAQ==,gBXq3gAACwABeiMIbZ4A4j9r98J0NMwBQI0kAQ==,1, 2022-04-14T09:49:15Z,389777,0.063216
gBXq3gAADAABPKsQO4Q7vVmjTGajU8OQL8A0vA==,gBXq3gAADAABPKsQO4SjvVkXTGajU8OQL8A0vA==,gBXq3gAADAABPKsQO4Q7vVkXTGajU8OQo8A0vA==,gBXq3gAADAABPKsQO4Q7vVkXTARFBASQL8A0vA==,1, 2022-04-14T09:49:30Z,403860,0.061011
gBXq3gAADAABPKsTO4Q7jVk3TGZFY8OQL8A0vA==,gBXq3gAADAABPKsQO4Q7vVkXTGZFU8OQL8A0vA==,gBXq3gAADAABPKsQO4Q7vVkXTGZFU8OQL8A0vA==,gBXq3gAADAABPKsTP4Q7rdsbRG5FY9qFL9BXtQ==,1, 2022-04-14T09:49:36Z,409965,0.060649
gBXq3gAAXAABPKsTO4Q7vVmaTGaaY8OQL9A0vA==,gBXq3gAADAABPKsQO4Q7vVkXTGZFU8OQL8A0vA==,gBXq3gAADAABPKsQO4Q7vVkXTGZFU8OQL8A0vA==,gBXq3gAADAABPKsQO4Q7vVkXTGZFU8OQL8A0vA==,1, 2022-04-14T09:49:41Z,415708,0.06035
gBXq3gAADAABPKsQO4Q7vVnZTGbZU8OQL8A0vA==,gBXq3gAADAABPKsQO4Q7vVkXTGZFU8OQL8A0vA==,gBXq3gAADAABPKsQO4Q7vVkXTGZFU8OQL8A0vA==,gBXq3gAADAABPKsQO4Q7vVkXTGZFU8OQL8A0vA==,1, 2022-04-14T09:49:48Z,421970,0.059985
gBXq3gAADAABPKsQO4Q7vVnZTGbZU8OQL8A0vA==,gBXq3gAADAABPKsQO4Q7vVkXTGZFU8OQL8A0vA==,gBXq3gAADAABPKsQO4Q7vVkXTGZFU8OQL8A0vA==,gBXq3gAADAABPKsQO4Q7vVkXTGZFU8OQL8A0vA==,1, 2022-04-14T09:49:48Z,421971,0.060516
gBXq3gAADAABPKsQO4Q7vVnZTGbZU8OQL8A0vA==,gBXq3gAADAABPKsQO4Q7vVkXTGZFU8OQL8A0vA==,gBXq3gAADAABPKsQO4Q7vVkXTGZFU8OQL8A0vA==,gBXq3gAADAABPKsQO4Q7vVkXTGZFU8OQL8A0vA==,1, 2022-04-14T09:49:48Z,421972,0.061047
gBXq3gAADAABPKsQO4Q7vVnZTGbZU8OQL8A0vA==,gBXq3gAADAABPKsQO4Q7vVkXTGZFU8OQL8A0vA==,gBXq3gAADAABPKsQO4Q7vVkXTGZFU8OQL8A0vA==,gBXq3gAADAABPKsQO4Q7vVkXTGZFU8OQL8A0vA==,1, 2022-04-14T09:49:48Z,421973,0.061577
gBXq3gAADAABPKsQO4Q7vVkXTGZFU8OQL8A0vA==,gBXq3gAADAABPKsQO4Q7vVkXTGZFU8OQL8A0vA==,gBXq3gAADAABPKsQO4Q7vVkXTGZFU8OQL8A0vA==,gBXq3gAADAABPKsQO4Q7vVkXTGZFU8OQL8A0vA==,1, 2022-04-14T09:49:53Z,426839,0.0614
gBXq3gAADAABPKsQO4Q7vVkXTGZFU8OQL8A0vA==,gBXq3gAADAABPKsQO4Q7vVkXTGZFU8OQL8A0vA==,gBXq3gAADAABPKsQO4Q7vVkXTGZFU8OQL8A0vA==,gBXq3gAADAABPKsQO4Q7vVkXTGZFU8OQL8A0vA==,1, 2022-04-14T09:49:57Z,431662,0.061233
gBXq3gAADAABPKsQO4Q7vVkXTGZFU8OQL8A0vA==,gBXq3gAADAABPKsQO4Q7vVkXTGZFU8OQL8A0vA==,gBXq3gAADAABPKsQO4Q7vVkXTGZFU8OQL8A0vA==,gBXq3gAADAABPKsQO4Q7vVkXTGZFU8OQL8A0vA==,1, 2022-04-14T09:49:57Z,431664,0.061752
gBXq3gAADAABPKsQO4Q7vVkXTGZFU8OQL8A0vA==,gBXq3gAADAABPKsQO4Q7vVkXTGZFU8OQL8A0vA==,gBXq3gAADAABPKsQO4Q7vVkXTGZFU8OQL8A0vA==,gBXq3gAADAABPKsQO4Q7vVkXTGZFU8OQL8A0vA==,1, 2022-04-14T09:49:57Z,431665,0.062271
gBXq3gAADAABPKsQO4Q7vVkXTGZFU8OQL8A0vA==,gBXq3gAADAABPKsQO4Q7vVkXTGZFU8OQL8A0vA==,gBXq3gAADAABPKsQO4Q7vVkXTGZFU8OQL8A0vA==,gBXq3gAADAABPKsQO4Q7vVkXTGZFU8OQL8A0vA==,1, 2022-04-14T09:49:57Z,431670,0.062789
gBXq3gAADAABPKsQO4Q7vVkXTGZFU8OQL8A0vA==,gBXq3gAADAABPKsQO4Q7vVkXTGZFU8OQL8A0vA==,gBXq3gAADAABPKsQO4Q7vVkXTGZFU8OQL8A0vA==,gBXq3gAADAABPKsQO4Q7vVkXTGZFU8OQL8A0vA==,1, 2022-04-14T09:50:03Z,437229,0.062503
gBXq3gAADAABPKsQO4Q7vVkXTGZFU8OQL8A0vA==,gBXq3gAADAABPKsQO4Q7vVkXTGZFU8OQL8A0vA==,gBXq3gAADAABPKsQO4Q7vVkXTGZFU8OQL8A0vA==,gBXq3gAADAABPKsQO4Q7vVkXTGZFU8OQL8A0vA==,1, 2022-04-14T09:50:08Z,442117,0.062318
gBXq3gAADAABPKsQO4Q7vVkXTGZFU8OQL8A0vA==,gBXq3gAADAABPKsQO4Q7vVkXTGZFU8OQL8A0vA==,gBXq3gAADAABPKsQO4Q7vVkXTGZFU8OQL8A0vA==,gBXq3gAADAABPKsQO4Q7vVkXTGZFU8OQL8A0vA==,1, 2022-04-14T09:50:08Z,442119,0.062825
gBXq3gAADAABPKsQO4Q7vVkXTGZFU8OQL8A0vA==,gBXq3gAADAABPKsQO4Q7vVkXTGZFU8OQL8A0vA==,gBXq3gAADAABPKsQO4Q7vVkXTGZFU8OQL8A0vA==,gBXq3gAADAABPKsQO4Q7vVkXTGZFU8OQL8A0vA==,1, 2022-04-14T09:50:08Z,442120,0.063331
gBXq3gAADAABPKsQO4Q7vVkXTGZFU8OQL8A0vA==,gBXq3gAADAABPKsQO4Q7vVkXTGZFU8OQL8A0vA==,gBXq3gAADAABPKsQO4Q7vVkXTGZFU8OQL8A0vA==,gBXq3gAADAABPKsQO4Q7vVkXTGZFU8OQL8A0vA==,1, 2022-04-14T09:50:08Z,442123,0.063837
gBXq3gAADQAB5bM7t6M2OWuwffWw3B2UrD18Pw==,gBXq3gAADQAB5bM7t6OwOWuZffWw3B2UrD18Pw==,gBXq3gAADQAB5bM7t6M2OWuZffWw3B2UsD18Pw==,gBXq3gAADQAB5bM7t6M2OWuZfQ/ODw+UrD18Pw==,1, 2022-04-14T09:50:22Z,456210,0.061866
gBXq3gAADQAB5bM7t6M2OWuwffWw3B2UrD18Pw==,gBXq3gAADQAB5bM7t6OwOWuZffWw3B2UrD18Pw==,gBXq3gAADQAB5bM7t6M2OWuZffXO3B2UrD18Pw==,gBXq3gAADQAB5bM7t6M2OWuZfQ/ODw+UrD18Pw==,1, 2022-04-14T09:50:27Z,461082,0.061698
gBXq3gAADQAB5bM7t6M2OWuZffXO3B2UrD18Pw==,gBXq3gAADQAB5bM7t6OwOWuZffWw3B2UrD18Pw==,gBXq3gAADQAB5bM7t6M2OWuZffXO3B2UrD18Pw==,gBXq3gAADQAB5bM7t6M2OWuZfQ/ODw+UrD18Pw==,1, 2022-04-14T09:50:27Z,461083,0.062184
gBXq3gAADQAB5bM7t6M2OWuZffXO3B2UrD18Pw==,gBXq3gAADQAB5bM7t6OwOWuZffWw3B2UrD18Pw==,gBXq3gAADQAB5bM7t6M2OWuZffXO3B2UrD18Pw==,gBXq3gAADQAB5bM7t6M2OWuZffXO3B2UrD18Pw==,1, 2022-04-14T09:50:27Z,461085,0.06267
gBXq3gAADQAB5bM7t6M2OWuZffXO3B2UrD18Pw==,gBXq3gAADQAB5bM7t6M2OWuZffXO3B2UrD18Pw==,gBXq3gAADQAB5bM7t6M2OWuZffXO3B2UrD18Pw==,gBXq3gAADQAB5bM7t6M2OWuZffXO3B2UrD18Pw==,1, 2022-04-14T09:50:27Z,461092,0.063154
gBXq3gAADQAB5bM7t6M2OWuZffXO3B2UrD18Pw==,gBXq3gAADQAB5bM7t6M2OWuZffXO3B2UrD18Pw==,gBXq3gAADQAB5bM7t6M2OWuZffXO3B2UrD18Pw==,gBXq3gAADQAB5bM7t6M2OWuZffXO3B2UrD18Pw==,1, 2022-04-14T09:50:31Z,465815,0.062995
gBXq3gAADQAB5bM7t6M2OWuZffXO3B2UrD18Pw==,gBXq3gAADQAB5bM7t6M2OWuZffXO3B2UrD18Pw==,gBXq3gAADQAB5bM7t6M2OWuZffXO3B2UrD18Pw==,gBXq3gAADQAB5bM7t6M2OWuZffXO3B2UrD18Pw==,1, 2022-04-14T09:50:35Z,469674,0.062954
gBXq3gAADQAB5bM7t6M2OWuZffXO3B2UrD18Pw==,gBXq3gAADQAB5bM7t6M2OWuZffXO3B2UrD18Pw==,gBXq3gAADQAB5bM7t6M2OWuZffXO3B2UrD18Pw==,gBXq3gAADQAB5bM7t6M2OWuZffXO3B2UrD18Pw==,1, 2022-04-14T09:50:35Z,469677,0.063431
gBXq3gAADQAB5bM7t6M2OWuZffXO3B2UrD18Pw==,gBXq3gAADQAB5bM7t6M2OWuZffXO3B2UrD18Pw==,gBXq3gAADQAB5bM7t6M2OWuZffXO3B2UrD18Pw==,gBXq3gAADQAB5bM7t6M2OWuZffXO3B2UrD18Pw==,1, 2022-04-14T09:50:35Z,469679,0.063907
gBXq3gAADQAB5bM7t6M2OWuZffXO3B2UrD18Pw==,gBXq3gAADQAB5bM7t6M2OWuZffXO3B2UrD18Pw==,gBXq3gAADQAB5bM7t6M2OWuZffXO3B2UrD18Pw==,gBXq3gAADQAB5bM7t6M2OWuZffXO3B2UrD18Pw==,1, 2022-04-14T09:50:35Z,469684,0.064384
gBXq3gAADQAB5bM7t6M2OWuZffXO3B2UrD18Pw==,gBXq3gAADQAB5bM7t6M2OWuZffXO3B2UrD18Pw==,gBXq3gAADQAB5bM7t6M2OWuZffXO3B2UrD18Pw==,gBXq3gAADQAB5bM7t6M2OWuZffXO3B2UrD18Pw==,1, 2022-04-14T09:50:42Z,475979,0.064003
gBXq3gAADQAB5bM7t6M2OWuZffXO3B2UrD18Pw==,gBXq3gAADQAB5bM7t6M2OWuZffXO3B2UrD18Pw==,gBXq3gAADQAB5bM7t6M2OWuZffXO3B2UrD18Pw==,gBXq3gAADQAB5bM7t6M2OWuZffXO3B2UrD18Pw==,1, 2022-04-14T09:50:48Z,482561,0.063594
gBXq3gAADQAB5bM7t6M2OWuZffXO3B2UrD18Pw==,gBXq3gAADQAB5bM7t6M2OWuZffXO3B2UrD18Pw==,gBXq3gAADQAB5bM7t6M2OWuZffXO3B2UrD18Pw==,gBXq3gAADQAB5bM7t6M2OWuZffXO3B2UrD18Pw==,1, 2022-04-14T09:50:48Z,482568,0.064057
gBXq3gAADQAB5bM7t6M2OWuZffXO3B2UrD18Pw==,gBXq3gAADQAB5bM7t6M2OWuZffXO3B2UrD18Pw==,gBXq3gAADQAB5bM7t6M2OWuZffXO3B2UrD18Pw==,gBXq3gAADQAB5bM7t6M2OWuZffXO3B2UrD18Pw==,1, 2022-04-14T09:50:48Z,482570,0.064521
gBXq3gAADQAB5bM7t6M2OWuZffXO3B2UrD18Pw==,gBXq3gAADQAB5bM7t6M2OWuZffXO3B2UrD18Pw==,gBXq3gAADQAB5bM7t6M2OWuZffXO3B2UrD18Pw==,gBXq3gAADQAB5bM7t6M2OWuZffXO3B2UrD18Pw==,1, 2022-04-14T09:50:48Z,482571,0.064985
gBXq3gAADQAB5bM7t6M2OWuZffXO3B2UrD18Pw==,gBXs3gAACwAB5bNrt6OQaWuZffWQ3B6U7D18vw==,gBXq3gAADQAB5bM7t6M2OWuZffXO3B2UrD18Pw==,gBXq3gAADQAB5bM7t6M2OWuZffXO3B2UrD18Pw==,1, 2022-04-14T09:50:53Z,487359,0.064806
gBXq3gAADQAB5bM7t6M2OWuZffXO3B2UrD18Pw==,gBXs3gAACwAB5bNrt6OQaWuZffWQ3B6U7D18vw==,gBXq3gAADQAB5bM7t6M2OWuZffXO3B2UrD18Pw==,gBXq3gAADQAB5bM7t6M2OWuZffXO3B2UrD18Pw==,1, 2022-04-14T09:50:57Z,491610,0.064702
gBXq3gAADQAB5bM7t6M2OWuZffXO3B2UrD18Pw==,gBXs3gAACwAB5bNrt6OQaWuZffWQ3B6U7D18vw==,gBXq3gAADQAB5bM7t6M2OWuZffXO3B2UrD18Pw==,gBXq3gAADQAB5bM7t6M2OWuZffXO3B2UrD18Pw==,1, 2022-04-14T09:50:57Z,491617,0.065156
gBXq3gAADQAB5bM7t6M2OWuZffXO3B2UrD18Pw==,gBXs3gAACwAB5bNrt6OQaWuZffWQ3B6U7D18vw==,gBXq3gAADQAB5bM7t6M2OWuZffXO3B2UrD18Pw==,gBXq3gAADQAB5bM7t6M2OWuZffXO3B2UrD18Pw==,1, 2022-04-14T09:50:57Z,491624,0.065611
gBXq3gAADQAB5bM7t6M2OWuZffXO3B2UrD18Pw==,gBXm3gAADUgB5bM7t6PUOWuZffXU3B2UrD18OQ==,gBXq3gAADQAB5bM7t6M2OWuZffXO3B2UrD18Pw==,gBXq3gAADQAB5bM7t6M2OWuZffXO3B2UrD18Pw==,1, 2022-04-14T09:50:57Z,491625,0.066067
gBXq3gAADgABme9SPmYig5M3LaI3C385SYmlpw==,gBXq3gAADgABme9SPmY3g5MJLaI3C385SYmlpw==,gBXq3gAADgABme9SPmYig5MJLaI3C385N4mlpw==,gBXq3gAADgABme9SPmYig5MJLQ5EDg45SYmlpw==,1, 2022-04-14T09:51:11Z,505707,0.064227
gBXq3gAADgABme9SPmYig5M3LaI3C385SYmlpw==,gBXq3gAADgABme9SPmY3g5MJLaI3C385SYmlpw==,gBXq3gAADgABme9SPmYig5MJLaI3C385N4mlpw==,gBXq3gAADgABme9SPmYig5MJLaJEC385SYmlpw==,1, 2022-04-14T09:51:16Z,509948,0.064132
gBXq3gAADgABme9SPmYig5MJLaJEC385SYmlpw==,gBXq3gAADgABme9SPmY3g5MJLaI3C385SYmlpw==,gBXq3gAADgABme9SPmYig5MJLaI3C385N4mlpw==,gBXq3gAADgABme9SPmYig5MJLaJEC385SYmlpw==,1, 2022-04-14T09:51:16Z,509954,0.064571
gBXq3gAADgABme9SPmYig5MJLaJEC385SYmlpw==,gBXq3gAADgABme9SPmY3g5MJLaI3C385SYmlpw==,gBXq3gAADgABme9SPmYig5MJLaJEC385SYmlpw==,gBXq3gAADgABme9SPmYig5MJLaJEC385SYmlpw==,1, 2022-04-14T09:51:16Z,509955,0.06501
gBXq3gAADgABme9SPmYig5MJLaJEC385SYmlpw==,gBXq3gAADgABme9SPmYig5MJLaJEC385SYmlpw==,gBXq3gAADgABme9SPmYig5MJLaJEC385SYmlpw==,gBXq3gAADgABme9SPmYig5MJLaJEC385SYmlpw==,1, 2022-04-14T09:51:16Z,509957,0.065449
gBXq3gAADgABme9SPmYig5MJLaJEC385SYmlpw==,gBXq3gAADgABme9SPmYig5MJLaJEC385SYmlpw==,gBXq3gAADgABme9SPmYig5MJLaJEC385SYmlpw==,gBXq3gAADgABme9SPmYig5MJLaJEC385SYmlpw==,1, 2022-04-14T09:51:21Z,515820,0.065139
gBXq3gAADgABme9SPmYig5MJLaJEC385SYmlpw==,gBXq3gAADgABme9SPmYig5MJLaJEC385SYmlpw==,gBXq3gAADgABme9SPmYig5MJLaJEC385SYmlpw==,gBXq3gAADgABme9SPmYig5MJLaJEC385SYmlpw==,1, 2022-04-14T09:51:26Z,520022,0.065043
gBXq3gAADgABme9SPmYig5MJLaJEC385SYmlpw==,gBXq3gAADgABme9SPmYig5MJLaJEC385SYmlpw==,gBXq3gAADgABme9SPmYig5MJLaJEC385SYmlpw==,gBXq3gAADgABme9SPmYig5MJLaJEC385SYmlpw==,1, 2022-04-14T09:51:26Z,520024,0.065474
gBXq3gAADgABme9SPmYig5MJLaJEC385SYmlpw==,gBXq3gAADgABme9SPmYig5MJLaJEC385SYmlpw==,gBXq3gAADgABme9SPmYig5MJLaJEC385SYmlpw==,gBXq3gAADgABme9SPmYig5MJLaJEC385SYmlpw==,1, 2022-04-14T09:51:26Z,520026,0.065904
gBXq3gAADgABme9SPmYig5MJLaJEC385SYmlpw==,gBXq3gAADgABme9SPmYig5MJLaJEC385SYmlpw==,gBXq3gAADgABme9SPmYig5MJLaJEC385SYmlpw==,gBXq3gAADgABme9SPmYig5MJLaJEC385SYmlpw==,1, 2022-04-14T09:51:26Z,520027,0.066335
gBXq3gAADgABme9SPmYig5MJLaJEC385SYmlpw==,gBXq3gAADgABme9SPmYig5MJLaJEC385SYmlpw==,gBXq3gAADgABme9SPmYig5MJLaJEC385SYmlpw==,gBXq3gAADgABme9SPmYig5MJLaJEC385SYmlpw==,1, 2022-04-14T09:51:31Z,525666,0.06605
gBXq3gAADgABme9SPmYig5MJLaJEC385SYmlpw==,gBXq3gAADgABme9SPmYig5MJLaJEC385SYmlpw==,gBXq3gAADgABme9SPmYig5MJLaJEC385SYmlpw==,gBXq3gAADgABme9SPmYig5MJLaJEC385SYmlpw==,1, 2022-04-14T09:51:36Z,530263,0.065899
gBXq3gAADgABme9SPmYig5MJLaJEC385SYmlpw==,gBXq3gAADgABme9SPmYig5MJLaJEC385SYmlpw==,gBXq3gAADgABme9SPmYig5MJLaJEC385SYmlpw==,gBXq3gAADgABme9SPmYig5MJLaJEC385SYmlpw==,1, 2022-04-14T09:51:36Z,530264,0.066322
gBXq3gAADgABme9SPmYig5MJLaJEC385SYmlpw==,gBXq3gAADgABme9SPmYig5MJLaJEC385SYmlpw==,gBXq3gAADgABme9SPmYig5MJLaJEC385SYmlpw==,gBXq3gAADgABme9SPmYig5MJLaJEC385SYmlpw==,1, 2022-04-14T09:51:36Z,530266,0.066744
gBXq3gAADgABme9SPmYig5MJLaJEC385SYmlpw==,gBXq3gAADgABme9SPmYig5MJLaJEC385SYmlpw==,gBXq3gAADgABme9SPmYig5MJLaJEC385SYmlpw==,4BTk0oQwO79l/7kUpCImE/CFLaqUnbt7C+HUXQ==,1, 2022-04-14T09:51:36Z,530269,0.067166
gBXq3gAADgABme9SPmYig5MJLaJEC385SYmlpw==,gBXq3gAADgABme9SPmYig5MJLaJEC385SYmlpw==,gBXq3gAADgABme9SPmYig5MJLaJEC385SYmlpw==,gBXq3gAADgABme9SPmYig5MJLaJEC385SYmlpw==,1, 2022-04-14T09:51:41Z,535369,0.066944
gBXq3gAADgABme9SPmYig5MJLaJEC385SYmlpw==,gBXq3gAADgABme9SPmYig5MJLaJEC385SYmlpw==,gBXq3gAADgABme9SPmYig5MJLaJEC385SYmlpw==,gBXq3gAADgABme9SPmYig5MJLaJEC385SYmlpw==,1, 2022-04-14T09:51:47Z,541015,0.06666
gBXq3gAADgABme9SPmYig5MJLaJEC385SYmlpw==,gBXq3gAADgABme9SPmYig5MJLaJEC385SYmlpw==,gBXq3gAADgABme9SPmYig5MJLaJEC385SYmlpw==,gBXq3gAADgABme9SPmYig5MJLaJEC385SYmlpw==,1, 2022-04-14T09:51:47Z,541016,0.067074
gBXq3gAADgABme9SPmYig5MJLaJEC385SYmlpw==,gBXq3gAADgABme9SPmYig5MJLaJEC385SYmlpw==,gBXq3gAADgABme9SPmYig5MJLaJEC385SYmlpw==,gBXq3gAADgABme9SPmYig5MJLaJEC385SYmlpw==,1, 2022-04-14T09:51:47Z,541017,0.067488
gBXq3gAADgABme9SPmYig5MJLaJEC385SYmlpw==,gBXq3gAADgABme9SPmYig5MJLaJEC385SYmlpw==,gBXq3gAADgABme9SPmYig5MJLaJEC385SYmlpw==,gBXq3gAADgABme9SPmYig5MJLaJEC385SYmlpw==,1, 2022-04-14T09:51:47Z,541021,0.067901
gBXq3gAADwABlTZyzE3lFJR/dZQRU6VmuYQfyA==,gBXq3gAADwABlTZyzE3lFJR/dZQRU6VmuYQfyA==,gBXq3gAADwABlTZyzE3lFJR/dZQRU6VmuYQfyA==,gBXq3gAADwABlTZyzE3lFJR/dZQRU6VmuYQfyA==,1, 2022-04-14T09:52:01Z,554889,0.066608
QBXq3gAAAAABXxWWztt8OmxEFLwWWlFiB3MtrQ==,QBXq3gAAAAABXxWWztt8OmxEFLwWWlFiB3MtrQ==,QBXq3gAAAAABXxWWztt8OmxEFLwWWlFiB3MtrQ==,QBXq3gAAAAABXxWWztt8OmxEFLwWWlFiB3MtrQ==,1, 2022-04-14T09:52:13Z,567775,0.065491
QBXq3gAAAQABBUkniXK9HIokbbRsblMYdSB7hQ==,QBXq3gAAAQABBUkniXK9HIokbbRsblMYdSB7hQ==,QBXq3gAAAQABBUkniXK9HIokbbRsblMYdSB7hQ==,QBXq3gAAAQABBUkniXK9HIokbbRsblMYdSB7hQ==,1, 2022-04-14T09:52:26Z,580401,0.064452
QBXq3gAAAgAB3K+Mk+wOXAQgN3MsXfBnkjL0MA==,QBXq3gAAAgAB3K+Mk+wOXAQgN3MsXfBnkjL0MA==,QBXq3gAAAgAB3K+Mk+wOXAQgN3MsXfBnkjL0MA==,QBXq3gAAAgAB3K+Mk+wOXAQgN3MsXfBnkjL0MA==,1, 2022-04-14T09:52:39Z,593073,0.063453
QBXq3gAAAwAB3eFsREAqgm/7X4CXCttbjuhxGA==,QBXq3gAAAwAB3eFsREAqgm/7X4CXCttbjuhxGA==,QBXq3gAAAwAB3eFsREAqgm/7X4CXCttbjuhxGA==,QBXq3gAAAwAB3eFsREAqgm/7X4CXCttbjuhxGA==,1, 2022-04-14T09:52:51Z,605741,0.062495
QBXq3gAABAABsgROlhZJHbPEpEjEWWsTsuPXdA==,QBXq3gAABAABsgROlhbEHbMipEjEWWsTsuPXdA==,QBXq3gAABAABsgROlhZJHbMipEjEWWsTxOPXdA==,QBXq3gAABAABsgROlhZJHbMipAdtBwcTsuPXdA==,1, 2022-04-14T09:53:04Z,618632,0.061193
QBXq3gAABQABE/I4jZO9THyFHEKnebips0vGGQ==,QBXq3gAABQABE/I4jZO9THyFHEKnebips0vGGQ==,QBXq3gAABQABE/I4jZO9THyFHEKnebips0vGGQ==,QBXq3gAABQABE/I4jZO9THyFHEKnebips0vGGQ==,1, 2022-04-14T09:53:17Z,6301083,0.060341
